,Survived,Pclass,Sex,Age,SibSp,Parch,Fare,Embarked,Relatives,Alone,Title
0,0,3,1,22.0,1,0,7.25,2,1,1.0,2
1,1,1,0,38.0,1,0,71.2833,0,1,1.0,3
2,1,3,0,26.0,0,0,7.925,2,0,0.0,1
3,1,1,0,35.0,1,0,53.1,2,1,1.0,3
4,0,3,1,35.0,0,0,8.05,2,0,0.0,2
5,0,3,1,16.451940723288665,0,0,8.4583,1,0,0.0,2
6,0,1,1,54.0,0,0,51.8625,2,0,0.0,2
7,0,3,1,2.0,3,1,21.075,2,4,1.0,0
8,1,3,0,27.0,0,2,11.1333,2,2,1.0,3
9,1,2,0,14.0,1,0,30.0708,0,1,1.0,3
10,1,3,0,4.0,1,1,16.7,2,2,1.0,1
11,1,1,0,58.0,0,0,26.55,2,0,0.0,1
12,0,3,1,20.0,0,0,8.05,2,0,0.0,2
13,0,3,1,39.0,1,5,31.275,2,6,1.0,2
14,0,3,0,14.0,0,0,7.8542,2,0,0.0,1
15,1,2,0,55.0,0,0,16.0,2,0,0.0,3
16,0,3,1,2.0,4,1,29.125,1,5,1.0,0
17,1,2,1,31.777751791431715,0,0,13.0,2,0,0.0,2
18,0,3,0,31.0,1,0,18.0,2,1,1.0,3
19,1,3,0,15.06004855630227,0,0,7.225,0,0,0.0,3
20,0,2,1,35.0,0,0,26.0,2,0,0.0,2
21,1,2,1,34.0,0,0,13.0,2,0,0.0,2
22,1,3,0,15.0,0,0,8.0292,1,0,0.0,1
23,1,1,1,28.0,0,0,35.5,2,0,0.0,2
24,0,3,0,8.0,3,1,21.075,2,4,1.0,1
25,1,3,0,38.0,1,5,31.3875,2,6,1.0,3
26,0,3,1,32.39247638874712,0,0,7.225,0,0,0.0,2
27,0,1,1,19.0,3,2,263.0,2,5,1.0,2
28,1,3,0,18.991491555867693,0,0,7.8792,1,0,0.0,1
29,0,3,1,27.210377476814877,0,0,7.8958,2,0,0.0,2
30,0,1,1,40.0,0,0,27.7208,0,0,0.0,4
31,1,1,0,35.036741142284555,1,0,146.5208,0,1,1.0,3
32,1,3,0,22.283268804673984,0,0,7.75,1,0,0.0,1
33,0,2,1,66.0,0,0,10.5,2,0,0.0,2
34,0,1,1,28.0,1,0,82.1708,0,1,1.0,2
35,0,1,1,42.0,1,0,52.0,2,1,1.0,2
36,1,3,1,24.60836452059819,0,0,7.2292,0,0,0.0,2
37,0,3,1,21.0,0,0,8.05,2,0,0.0,2
38,0,3,0,18.0,2,0,18.0,2,2,1.0,1
39,1,3,0,14.0,1,0,11.2417,0,1,1.0,1
40,0,3,0,40.0,1,0,9.475,2,1,1.0,3
41,0,2,0,27.0,1,0,21.0,2,1,1.0,3
42,0,3,1,32.335459655519706,0,0,7.8958,0,0,0.0,2
43,1,2,0,3.0,1,2,41.5792,0,3,1.0,1
44,1,3,0,19.0,0,0,7.8792,1,0,0.0,1
45,0,3,1,30.65516736544374,0,0,8.05,2,0,0.0,2
46,0,3,1,43.12656573415905,1,0,15.5,1,1,1.0,2
47,1,3,0,22.283268804673984,0,0,7.75,1,0,0.0,1
48,0,3,1,16.28239742643262,2,0,21.6792,0,2,1.0,2
49,0,3,0,18.0,1,0,17.8,2,1,1.0,3
50,0,3,1,7.0,4,1,39.6875,2,5,1.0,0
51,0,3,1,21.0,0,0,7.8,2,0,0.0,2
52,1,1,0,49.0,1,0,76.7292,0,1,1.0,3
53,1,2,0,29.0,1,0,26.0,2,1,1.0,3
54,0,1,1,65.0,0,1,61.9792,0,1,1.0,2
55,1,1,1,36.49572261662319,0,0,35.5,2,0,0.0,2
56,1,2,0,21.0,0,0,10.5,2,0,0.0,1
57,0,3,1,28.5,0,0,7.2292,0,0,0.0,2
58,1,2,0,5.0,1,2,27.75,2,3,1.0,1
59,0,3,1,11.0,5,2,46.9,2,7,1.0,0
60,0,3,1,22.0,0,0,7.2292,0,0,0.0,2
61,1,1,0,38.0,0,0,80.0,2,0,0.0,1
62,0,1,1,45.0,1,0,83.475,2,1,1.0,2
63,0,3,1,4.0,3,2,27.9,2,5,1.0,0
64,0,1,1,39.99092739130857,0,0,27.7208,0,0,0.0,2
65,1,3,1,24.293474945068514,1,1,15.2458,0,2,1.0,0
66,1,2,0,29.0,0,0,10.5,2,0,0.0,3
67,0,3,1,19.0,0,0,8.1583,2,0,0.0,2
68,1,3,0,17.0,4,2,7.925,2,6,1.0,1
69,0,3,1,26.0,2,0,8.6625,2,2,1.0,2
70,0,2,1,32.0,0,0,10.5,2,0,0.0,2
71,0,3,0,16.0,5,2,46.9,2,7,1.0,1
72,0,2,1,21.0,0,0,73.5,2,0,0.0,2
73,0,3,1,26.0,1,0,14.4542,0,1,1.0,2
74,1,3,1,32.0,0,0,56.4958,2,0,0.0,2
75,0,3,1,25.0,0,0,7.65,2,0,0.0,2
76,0,3,1,27.210377476814877,0,0,7.8958,2,0,0.0,2
77,0,3,1,30.65516736544374,0,0,8.05,2,0,0.0,2
78,1,2,1,0.83,0,2,29.0,2,2,1.0,0
79,1,3,0,30.0,0,0,12.475,2,0,0.0,1
80,0,3,1,22.0,0,0,9.0,2,0,0.0,2
81,1,3,1,29.0,0,0,9.5,2,0,0.0,2
82,1,3,0,12.266406342451518,0,0,7.7875,1,0,0.0,1
83,0,1,1,28.0,0,0,47.1,2,0,0.0,2
84,1,2,0,17.0,0,0,10.5,2,0,0.0,1
85,1,3,0,33.0,3,0,15.85,2,3,1.0,3
86,0,3,1,16.0,1,3,34.375,2,4,1.0,2
87,0,3,1,30.65516736544374,0,0,8.05,2,0,0.0,2
88,1,1,0,23.0,3,2,263.0,2,5,1.0,1
89,0,3,1,24.0,0,0,8.05,2,0,0.0,2
90,0,3,1,29.0,0,0,8.05,2,0,0.0,2
91,0,3,1,20.0,0,0,7.8542,2,0,0.0,2
92,0,1,1,46.0,1,0,61.175,2,1,1.0,2
93,0,3,1,26.0,1,2,20.575,2,3,1.0,2
94,0,3,1,59.0,0,0,7.25,2,0,0.0,2
95,0,3,1,30.65516736544374,0,0,8.05,2,0,0.0,2
96,0,1,1,71.0,0,0,34.6542,0,0,0.0,2
97,1,1,1,23.0,0,1,63.3583,0,1,1.0,2
98,1,2,0,34.0,0,1,23.0,2,1,1.0,3
99,0,2,1,34.0,1,0,26.0,2,1,1.0,2
100,0,3,0,28.0,0,0,7.8958,2,0,0.0,1
101,0,3,1,27.210377476814877,0,0,7.8958,2,0,0.0,2
102,0,1,1,21.0,0,1,77.2875,2,1,1.0,2
103,0,3,1,33.0,0,0,8.6542,2,0,0.0,2
104,0,3,1,37.0,2,0,7.925,2,2,1.0,2
105,0,3,1,28.0,0,0,7.8958,2,0,0.0,2
106,1,3,0,21.0,0,0,7.65,2,0,0.0,1
107,1,3,1,29.66352947403074,0,0,7.775,2,0,0.0,2
108,0,3,1,38.0,0,0,7.8958,2,0,0.0,2
109,1,3,0,39.16629157259137,1,0,24.15,1,1,1.0,1
110,0,1,1,47.0,0,0,52.0,2,0,0.0,2
111,0,3,0,14.5,1,0,14.4542,0,1,1.0,1
112,0,3,1,22.0,0,0,8.05,2,0,0.0,2
113,0,3,0,20.0,1,0,9.825,2,1,1.0,1
114,0,3,0,17.0,0,0,14.4583,0,0,0.0,1
115,0,3,1,21.0,0,0,7.925,2,0,0.0,2
116,0,3,1,70.5,0,0,7.75,1,0,0.0,2
117,0,2,1,29.0,1,0,21.0,2,1,1.0,2
118,0,1,1,24.0,0,1,247.5208,0,1,1.0,2
119,0,3,0,2.0,4,2,31.275,2,6,1.0,1
120,0,2,1,21.0,2,0,73.5,2,2,1.0,2
121,0,3,1,30.65516736544374,0,0,8.05,2,0,0.0,2
122,0,2,1,32.5,1,0,30.0708,0,1,1.0,2
123,1,2,0,32.5,0,0,13.0,2,0,0.0,1
124,0,1,1,54.0,0,1,77.2875,2,1,1.0,2
125,1,3,1,12.0,1,0,11.2417,0,1,1.0,0
126,0,3,1,44.490434136549865,0,0,7.75,1,0,0.0,2
127,1,3,1,24.0,0,0,7.1417,2,0,0.0,2
128,1,3,0,12.481216000256016,1,1,22.3583,0,2,1.0,1
129,0,3,1,45.0,0,0,6.975,2,0,0.0,2
130,0,3,1,33.0,0,0,7.8958,0,0,0.0,2
131,0,3,1,20.0,0,0,7.05,2,0,0.0,2
132,0,3,0,47.0,1,0,14.5,2,1,1.0,3
133,1,2,0,29.0,1,0,26.0,2,1,1.0,3
134,0,2,1,25.0,0,0,13.0,2,0,0.0,2
135,0,2,1,23.0,0,0,15.0458,0,0,0.0,2
136,1,1,0,19.0,0,2,26.2833,2,2,1.0,1
137,0,1,1,37.0,1,0,53.1,2,1,1.0,2
138,0,3,1,16.0,0,0,9.2167,2,0,0.0,2
139,0,1,1,24.0,0,0,79.2,0,0,0.0,2
140,0,3,0,29.01394025363762,0,2,15.2458,0,2,1.0,3
141,1,3,0,22.0,0,0,7.75,2,0,0.0,1
142,1,3,0,24.0,1,0,15.85,2,1,1.0,3
143,0,3,1,19.0,0,0,6.75,1,0,0.0,2
144,0,2,1,18.0,0,0,11.5,2,0,0.0,2
145,0,2,1,19.0,1,1,36.75,2,2,1.0,2
146,1,3,1,27.0,0,0,7.7958,2,0,0.0,2
147,0,3,0,9.0,2,2,34.375,2,4,1.0,1
148,0,2,1,36.5,0,2,26.0,2,2,1.0,2
149,0,2,1,42.0,0,0,13.0,2,0,0.0,4
150,0,2,1,51.0,0,0,12.525,2,0,0.0,4
151,1,1,0,22.0,1,0,66.6,2,1,1.0,3
152,0,3,1,55.5,0,0,8.05,2,0,0.0,2
153,0,3,1,40.5,0,2,14.5,2,2,1.0,2
154,0,3,1,30.751488202775956,0,0,7.3125,2,0,0.0,2
155,0,1,1,51.0,0,1,61.3792,0,1,1.0,2
156,1,3,0,16.0,0,0,7.7333,1,0,0.0,1
157,0,3,1,30.0,0,0,8.05,2,0,0.0,2
158,0,3,1,25.777770099927867,0,0,8.6625,2,0,0.0,2
159,0,3,1,15.479405589659006,8,2,69.55,2,10,1.0,0
160,0,3,1,44.0,0,1,16.1,2,1,1.0,2
161,1,2,0,40.0,0,0,15.75,2,0,0.0,3
162,0,3,1,26.0,0,0,7.775,2,0,0.0,2
163,0,3,1,17.0,0,0,8.6625,2,0,0.0,2
164,0,3,1,1.0,4,1,39.6875,2,5,1.0,0
165,1,3,1,9.0,0,2,20.525,2,2,1.0,0
166,1,1,0,21.9920671948761,0,1,55.0,2,1,1.0,3
167,0,3,0,45.0,1,4,27.9,2,5,1.0,3
168,0,1,1,47.0000405795677,0,0,25.925,2,0,0.0,2
169,0,3,1,28.0,0,0,56.4958,2,0,0.0,2
170,0,1,1,61.0,0,0,33.5,2,0,0.0,2
171,0,3,1,4.0,4,1,29.125,1,5,1.0,0
172,1,3,0,1.0,1,1,11.1333,2,2,1.0,1
173,0,3,1,21.0,0,0,7.925,2,0,0.0,2
174,0,1,1,56.0,0,0,30.6958,0,0,0.0,2
175,0,3,1,18.0,1,1,7.8542,2,2,1.0,2
176,0,3,1,-2.7872974146636564,3,1,25.4667,2,4,1.0,0
177,0,1,0,50.0,0,0,28.7125,0,0,0.0,1
178,0,2,1,30.0,0,0,13.0,2,0,0.0,2
179,0,3,1,36.0,0,0,0.0,2,0,0.0,2
180,0,3,0,17.740905264236254,8,2,69.55,2,10,1.0,1
181,0,2,1,23.001806424603398,0,0,15.05,0,0,0.0,2
182,0,3,1,9.0,4,2,31.3875,2,6,1.0,0
183,1,2,1,1.0,2,1,39.0,2,3,1.0,0
184,1,3,0,4.0,0,2,22.025,2,2,1.0,1
185,0,1,1,28.01723574403082,0,0,50.0,2,0,0.0,2
186,1,3,0,42.822920938455006,1,0,15.5,1,1,1.0,3
187,1,1,1,45.0,0,0,26.55,2,0,0.0,2
188,0,3,1,40.0,1,1,15.5,1,2,1.0,2
189,0,3,1,36.0,0,0,7.8958,2,0,0.0,2
190,1,2,0,32.0,0,0,13.0,2,0,0.0,3
191,0,2,1,19.0,0,0,13.0,2,0,0.0,2
192,1,3,0,19.0,1,0,7.8542,2,1,1.0,1
193,1,2,1,3.0,1,1,26.0,2,2,1.0,0
194,1,1,0,44.0,0,0,27.7208,0,0,0.0,3
195,1,1,0,58.0,0,0,146.5208,0,0,0.0,1
196,0,3,1,44.490434136549865,0,0,7.75,1,0,0.0,2
197,0,3,1,42.0,0,1,8.4042,2,1,1.0,2
198,1,3,0,22.283268804673984,0,0,7.75,1,0,0.0,1
199,0,2,0,24.0,0,0,13.0,2,0,0.0,1
200,0,3,1,28.0,0,0,9.5,2,0,0.0,2
201,0,3,1,15.479405589659006,8,2,69.55,2,10,1.0,2
202,0,3,1,34.0,0,0,6.4958,2,0,0.0,2
203,0,3,1,45.5,0,0,7.225,0,0,0.0,2
204,1,3,1,18.0,0,0,8.05,2,0,0.0,2
205,0,3,0,2.0,0,1,10.4625,2,1,1.0,1
206,0,3,1,32.0,1,0,15.85,2,1,1.0,2
207,1,3,1,26.0,0,0,18.7875,0,0,0.0,2
208,1,3,0,16.0,0,0,7.75,1,0,0.0,1
209,1,1,1,40.0,0,0,31.0,0,0,0.0,2
210,0,3,1,24.0,0,0,7.05,2,0,0.0,2
211,1,2,0,35.0,0,0,21.0,2,0,0.0,1
212,0,3,1,22.0,0,0,7.25,2,0,0.0,2
213,0,2,1,30.0,0,0,13.0,2,0,0.0,2
214,0,3,1,30.115794401888035,1,0,7.75,1,1,1.0,2
215,1,1,0,31.0,1,0,113.275,0,1,1.0,1
216,1,3,0,27.0,0,0,7.925,2,0,0.0,1
217,0,2,1,42.0,1,0,27.0,2,1,1.0,2
218,1,1,0,32.0,0,0,76.2917,0,0,0.0,1
219,0,2,1,30.0,0,0,10.5,2,0,0.0,2
220,1,3,1,16.0,0,0,8.05,2,0,0.0,2
221,0,2,1,27.0,0,0,13.0,2,0,0.0,2
222,0,3,1,51.0,0,0,8.05,2,0,0.0,2
223,0,3,1,27.210377476814877,0,0,7.8958,2,0,0.0,2
224,1,1,1,38.0,1,0,90.0,2,1,1.0,2
225,0,3,1,22.0,0,0,9.35,2,0,0.0,2
226,1,2,1,19.0,0,0,10.5,2,0,0.0,2
227,0,3,1,20.5,0,0,7.25,2,0,0.0,2
228,0,2,1,18.0,0,0,13.0,2,0,0.0,2
229,0,3,0,9.134048306014153,3,1,25.4667,2,4,1.0,1
230,1,1,0,35.0,1,0,83.475,2,1,1.0,3
231,0,3,1,29.0,0,0,7.775,2,0,0.0,2
232,0,2,1,59.0,0,0,13.5,2,0,0.0,2
233,1,3,0,5.0,4,2,31.3875,2,6,1.0,1
234,0,2,1,24.0,0,0,10.5,2,0,0.0,2
235,0,3,0,22.890392284170968,0,0,7.55,2,0,0.0,1
236,0,2,1,44.0,1,0,26.0,2,1,1.0,2
237,1,2,0,8.0,0,2,26.25,2,2,1.0,1
238,0,2,1,19.0,0,0,10.5,2,0,0.0,2
239,0,2,1,33.0,0,0,12.275,2,0,0.0,2
240,0,3,0,14.500795164541286,1,0,14.4542,0,1,1.0,1
241,1,3,0,42.822920938455006,1,0,15.5,1,1,1.0,1
242,0,2,1,29.0,0,0,10.5,2,0,0.0,2
243,0,3,1,22.0,0,0,7.125,2,0,0.0,2
244,0,3,1,30.0,0,0,7.225,0,0,0.0,2
245,0,1,1,44.0,2,0,90.0,1,2,1.0,4
246,0,3,0,25.0,0,0,7.775,2,0,0.0,1
247,1,2,0,24.0,0,2,14.5,2,2,1.0,3
248,1,1,1,37.0,1,1,52.5542,2,2,1.0,2
249,0,2,1,54.0,1,0,26.0,2,1,1.0,4
250,0,3,1,30.751488202775956,0,0,7.25,2,0,0.0,2
251,0,3,0,29.0,1,1,10.4625,2,2,1.0,3
252,0,1,1,62.0,0,0,26.55,2,0,0.0,2
253,0,3,1,30.0,1,0,16.1,2,1,1.0,2
254,0,3,0,41.0,0,2,20.2125,2,2,1.0,3
255,1,3,0,29.0,0,2,15.2458,0,2,1.0,3
256,1,1,0,42.82279280077029,0,0,79.2,0,0,0.0,3
257,1,1,0,30.0,0,0,86.5,2,0,0.0,1
258,1,1,0,35.0,0,0,512.3292,0,0,0.0,1
259,1,2,0,50.0,0,1,26.0,2,1,1.0,3
260,0,3,1,44.490434136549865,0,0,7.75,1,0,0.0,2
261,1,3,1,3.0,4,2,31.3875,2,6,1.0,0
262,0,1,1,52.0,1,1,79.65,2,2,1.0,2
263,0,1,1,40.0,0,0,0.0,2,0,0.0,2
264,0,3,0,22.283268804673984,0,0,7.75,1,0,0.0,1
265,0,2,1,36.0,0,0,10.5,2,0,0.0,2
266,0,3,1,16.0,4,1,39.6875,2,5,1.0,2
267,1,3,1,25.0,1,0,7.775,2,1,1.0,2
268,1,1,0,58.0,0,1,153.4625,2,1,1.0,3
269,1,1,0,35.0,0,0,135.6333,2,0,0.0,1
270,0,1,1,55.66947503506299,0,0,31.0,2,0,0.0,2
271,1,3,1,25.0,0,0,0.0,2,0,0.0,2
272,1,2,0,41.0,0,1,19.5,2,1,1.0,3
273,0,1,1,37.0,0,1,29.7,0,1,1.0,2
274,1,3,0,22.283268804673984,0,0,7.75,1,0,0.0,1
275,1,1,0,63.0,1,0,77.9583,2,1,1.0,1
276,0,3,0,45.0,0,0,7.75,2,0,0.0,1
277,0,2,1,29.881061370848247,0,0,0.0,2,0,0.0,2
278,0,3,1,7.0,4,1,29.125,1,5,1.0,0
279,1,3,0,35.0,1,1,20.25,2,2,1.0,3
280,0,3,1,65.0,0,0,7.75,1,0,0.0,2
281,0,3,1,28.0,0,0,7.8542,2,0,0.0,2
282,0,3,1,16.0,0,0,9.5,2,0,0.0,2
283,1,3,1,19.0,0,0,8.05,2,0,0.0,2
284,0,1,1,63.99936542452485,0,0,26.0,2,0,0.0,2
285,0,3,1,33.0,0,0,8.6625,0,0,0.0,2
286,1,3,1,30.0,0,0,9.5,2,0,0.0,2
287,0,3,1,22.0,0,0,7.8958,2,0,0.0,2
288,1,2,1,42.0,0,0,13.0,2,0,0.0,2
289,1,3,0,22.0,0,0,7.75,1,0,0.0,1
290,1,1,0,26.0,0,0,78.85,2,0,0.0,1
291,1,1,0,19.0,1,0,91.0792,0,1,1.0,3
292,0,2,1,36.0,0,0,12.875,0,0,0.0,2
293,0,3,0,24.0,0,0,8.85,2,0,0.0,1
294,0,3,1,24.0,0,0,7.8958,2,0,0.0,2
295,0,1,1,39.99092739130857,0,0,27.7208,0,0,0.0,2
296,0,3,1,23.5,0,0,7.2292,0,0,0.0,2
297,0,1,0,2.0,1,2,151.55,2,3,1.0,1
298,1,1,1,44.666386173662254,0,0,30.5,2,0,0.0,2
299,1,1,0,50.0,0,1,247.5208,0,1,1.0,3
300,1,3,0,22.283268804673984,0,0,7.75,1,0,0.0,1
301,1,3,1,20.44758100684315,2,0,23.25,1,2,1.0,2
302,0,3,1,19.0,0,0,0.0,2,0,0.0,2
303,1,2,0,30.00088958723129,0,0,12.35,1,0,0.0,1
304,0,3,1,30.65516736544374,0,0,8.05,2,0,0.0,2
305,1,1,1,0.92,1,2,151.55,2,3,1.0,0
306,1,1,0,24.98996895840683,0,0,110.8833,0,0,0.0,1
307,1,1,0,17.0,1,0,108.9,0,1,1.0,3
308,0,2,1,30.0,1,0,24.0,0,1,1.0,2
309,1,1,0,30.0,0,0,56.9292,0,0,0.0,1
310,1,1,0,24.0,0,0,83.1583,0,0,0.0,1
311,1,1,0,18.0,2,2,262.375,0,4,1.0,1
312,0,2,0,26.0,1,1,26.0,2,2,1.0,3
313,0,3,1,28.0,0,0,7.8958,2,0,0.0,2
314,0,2,1,43.0,1,1,26.25,2,2,1.0,2
315,1,3,0,26.0,0,0,7.8542,2,0,0.0,1
316,1,2,0,24.0,1,0,26.0,2,1,1.0,3
317,0,2,1,54.0,0,0,14.0,2,0,0.0,4
318,1,1,0,31.0,0,2,164.8667,2,2,1.0,1
319,1,1,0,40.0,1,1,134.5,0,2,1.0,3
320,0,3,1,22.0,0,0,7.25,2,0,0.0,2
321,0,3,1,27.0,0,0,7.8958,2,0,0.0,2
322,1,2,0,30.0,0,0,12.35,1,0,0.0,1
323,1,2,0,22.0,1,1,29.0,2,2,1.0,3
324,0,3,1,15.479405589659006,8,2,69.55,2,10,1.0,2
325,1,1,0,36.0,0,0,135.6333,0,0,0.0,1
326,0,3,1,61.0,0,0,6.2375,2,0,0.0,2
327,1,2,0,36.0,0,0,13.0,2,0,0.0,3
328,1,3,0,31.0,1,1,20.525,2,2,1.0,3
329,1,1,0,16.0,0,1,57.9792,0,1,1.0,1
330,1,3,0,19.491290538600747,2,0,23.25,1,2,1.0,1
331,0,1,1,45.5,0,0,28.5,2,0,0.0,2
332,0,1,1,38.0,0,1,153.4625,2,1,1.0,2
333,0,3,1,16.0,2,0,18.0,2,2,1.0,2
334,1,1,0,24.242309864335414,1,0,133.65,2,1,1.0,3
335,0,3,1,27.210377476814877,0,0,7.8958,2,0,0.0,2
336,0,1,1,29.0,1,0,66.6,2,1,1.0,2
337,1,1,0,41.0,0,0,134.5,0,0,0.0,1
338,1,3,1,45.0,0,0,8.05,2,0,0.0,2
339,0,1,1,45.0,0,0,35.5,2,0,0.0,2
340,1,2,1,2.0,1,1,26.0,2,2,1.0,0
341,1,1,0,24.0,3,2,263.0,2,5,1.0,1
342,0,2,1,28.0,0,0,13.0,2,0,0.0,2
343,0,2,1,25.0,0,0,13.0,2,0,0.0,2
344,0,2,1,36.0,0,0,13.0,2,0,0.0,2
345,1,2,0,24.0,0,0,13.0,2,0,0.0,1
346,1,2,0,40.0,0,0,13.0,2,0,0.0,1
347,1,3,0,26.001915087736677,1,0,16.1,2,1,1.0,3
348,1,3,1,3.0,1,1,15.9,2,2,1.0,0
349,0,3,1,42.0,0,0,8.6625,2,0,0.0,2
350,0,3,1,23.0,0,0,9.225,2,0,0.0,2
351,0,1,1,36.49572261662319,0,0,35.0,2,0,0.0,2
352,0,3,1,15.0,1,1,7.2292,0,2,1.0,2
353,0,3,1,25.0,1,0,17.8,2,1,1.0,2
354,0,3,1,32.39247638874712,0,0,7.225,0,0,0.0,2
355,0,3,1,28.0,0,0,9.5,2,0,0.0,2
356,1,1,0,22.0,0,1,55.0,2,1,1.0,1
357,0,2,0,38.0,0,0,13.0,2,0,0.0,1
358,1,3,0,18.991491555867693,0,0,7.8792,1,0,0.0,1
359,1,3,0,18.991491555867693,0,0,7.8792,1,0,0.0,1
360,0,3,1,40.0,1,4,27.9,2,5,1.0,2
361,0,2,1,29.0,1,0,27.7208,0,1,1.0,2
362,0,3,0,45.0,0,1,14.4542,0,1,1.0,3
363,0,3,1,35.0,0,0,7.05,2,0,0.0,2
364,0,3,1,43.12656573415905,1,0,15.5,1,1,1.0,2
365,0,3,1,30.0,0,0,7.25,2,0,0.0,2
366,1,1,0,60.0,1,0,75.25,0,1,1.0,3
367,1,3,0,12.939284189912959,0,0,7.2292,0,0,0.0,3
368,1,3,0,22.283268804673984,0,0,7.75,1,0,0.0,1
369,1,1,0,24.0,0,0,69.3,0,0,0.0,3
370,1,1,1,25.0,1,0,55.4417,0,1,1.0,2
371,0,3,1,18.0,1,0,6.4958,2,1,1.0,2
372,0,3,1,19.0,0,0,8.05,2,0,0.0,2
373,0,1,1,22.0,0,0,135.6333,0,0,0.0,2
374,0,3,0,3.0,3,1,21.075,2,4,1.0,1
375,1,1,0,23.149043304777077,1,0,82.1708,0,1,1.0,3
376,1,3,0,22.0,0,0,7.25,2,0,0.0,1
377,0,1,1,27.0,0,2,211.5,0,2,1.0,2
378,0,3,1,20.0,0,0,4.0125,0,0,0.0,2
379,0,3,1,19.0,0,0,7.775,2,0,0.0,2
380,1,1,0,42.0,0,0,227.525,0,0,0.0,1
381,1,3,0,1.0,0,2,15.7417,0,2,1.0,1
382,0,3,1,32.0,0,0,7.925,2,0,0.0,2
383,1,1,0,35.0,1,0,52.0,2,1,1.0,3
384,0,3,1,27.210377476814877,0,0,7.8958,2,0,0.0,2
385,0,2,1,18.0,0,0,73.5,2,0,0.0,2
386,0,3,1,1.0,5,2,46.9,2,7,1.0,0
387,1,2,0,36.0,0,0,13.0,2,0,0.0,1
388,0,3,1,23.024770247864115,0,0,7.7292,1,0,0.0,2
389,1,2,0,17.0,0,0,12.0,0,0,0.0,1
390,1,1,1,36.0,1,2,120.0,2,3,1.0,2
391,1,3,1,21.0,0,0,7.7958,2,0,0.0,2
392,0,3,1,28.0,2,0,7.925,2,2,1.0,2
393,1,1,0,23.0,1,0,113.275,0,1,1.0,1
394,1,3,0,24.0,0,2,16.7,2,2,1.0,3
395,0,3,1,22.0,0,0,7.7958,2,0,0.0,2
396,0,3,0,31.0,0,0,7.8542,2,0,0.0,1
397,0,2,1,46.0,0,0,26.0,2,0,0.0,2
398,0,2,1,23.0,0,0,10.5,2,0,0.0,4
399,1,2,0,28.0,0,0,12.65,2,0,0.0,3
400,1,3,1,39.0,0,0,7.925,2,0,0.0,2
401,0,3,1,26.0,0,0,8.05,2,0,0.0,2
402,0,3,0,21.0,1,0,9.825,2,1,1.0,1
403,0,3,1,28.0,1,0,15.85,2,1,1.0,2
404,0,3,0,20.0,0,0,8.6625,2,0,0.0,1
405,0,2,1,34.0,1,0,21.0,2,1,1.0,2
406,0,3,1,51.0,0,0,7.75,2,0,0.0,2
407,1,2,1,3.0,1,1,18.75,2,2,1.0,0
408,0,3,1,21.0,0,0,7.775,2,0,0.0,2
409,0,3,0,9.134048306014153,3,1,25.4667,2,4,1.0,1
410,0,3,1,27.210377476814877,0,0,7.8958,2,0,0.0,2
411,0,3,1,19.009217654944067,0,0,6.8583,1,0,0.0,2
412,1,1,0,33.0,1,0,90.0,1,1,1.0,1
413,0,2,1,29.881061370848247,0,0,0.0,2,0,0.0,2
414,1,3,1,44.0,0,0,7.925,2,0,0.0,2
415,0,3,0,24.353248191463308,0,0,8.05,2,0,0.0,3
416,1,2,0,34.0,1,1,32.5,2,2,1.0,3
417,1,2,0,18.0,0,2,13.0,2,2,1.0,1
418,0,2,1,30.0,0,0,13.0,2,0,0.0,2
419,0,3,0,10.0,0,2,24.15,2,2,1.0,1
420,0,3,1,32.335459655519706,0,0,7.8958,0,0,0.0,2
421,0,3,1,21.0,0,0,7.7333,1,0,0.0,2
422,0,3,1,29.0,0,0,7.875,2,0,0.0,2
423,0,3,0,28.0,1,1,14.4,2,2,1.0,3
424,0,3,1,18.0,1,1,20.2125,2,2,1.0,2
425,0,3,1,30.751488202775956,0,0,7.25,2,0,0.0,2
426,1,2,0,28.0,1,0,26.0,2,1,1.0,3
427,1,2,0,19.0,0,0,26.0,2,0,0.0,1
428,0,3,1,44.490434136549865,0,0,7.75,1,0,0.0,2
429,1,3,1,32.0,0,0,8.05,2,0,0.0,2
430,1,1,1,28.0,0,0,26.55,2,0,0.0,2
431,1,3,0,26.001915087736677,1,0,16.1,2,1,1.0,3
432,1,2,0,42.0,1,0,26.0,2,1,1.0,3
433,0,3,1,17.0,0,0,7.125,2,0,0.0,2
434,0,1,1,50.0,1,0,55.9,2,1,1.0,2
435,1,1,0,14.0,1,2,120.0,2,3,1.0,1
436,0,3,0,21.0,2,2,34.375,2,4,1.0,1
437,1,2,0,24.0,2,3,18.75,2,5,1.0,3
438,0,1,1,64.0,1,4,263.0,2,5,1.0,2
439,0,2,1,31.0,0,0,10.5,2,0,0.0,2
440,1,2,0,45.0,1,1,26.25,2,2,1.0,3
441,0,3,1,20.0,0,0,9.5,2,0,0.0,2
442,0,3,1,25.0,1,0,7.775,2,1,1.0,2
443,1,2,0,28.0,0,0,13.0,2,0,0.0,1
444,1,3,1,22.999998751898517,0,0,8.1125,2,0,0.0,2
445,1,1,1,4.0,0,2,81.8583,2,2,1.0,0
446,1,2,0,13.0,0,1,19.5,2,1,1.0,1
447,1,1,1,34.0,0,0,26.55,2,0,0.0,2
448,1,3,0,5.0,2,1,19.2583,0,3,1.0,1
449,1,1,1,52.0,0,0,30.5,2,0,0.0,4
450,0,2,1,36.0,1,2,27.75,2,3,1.0,2
451,0,3,1,23.118978302727772,1,0,19.9667,2,1,1.0,2
452,0,1,1,30.0,0,0,27.75,0,0,0.0,2
453,1,1,1,49.0,1,0,89.1042,0,1,1.0,2
454,0,3,1,30.65516736544374,0,0,8.05,2,0,0.0,2
455,1,3,1,29.0,0,0,7.8958,0,0,0.0,2
456,0,1,1,65.0,0,0,26.55,2,0,0.0,2
457,1,1,0,34.1527628184649,1,0,51.8625,2,1,1.0,3
458,1,2,0,50.0,0,0,10.5,2,0,0.0,1
459,0,3,1,44.490434136549865,0,0,7.75,1,0,0.0,2
460,1,1,1,48.0,0,0,26.55,2,0,0.0,2
461,0,3,1,34.0,0,0,8.05,2,0,0.0,2
462,0,1,1,47.0,0,0,38.5,2,0,0.0,2
463,0,2,1,48.0,0,0,13.0,2,0,0.0,2
464,0,3,1,30.65516736544374,0,0,8.05,2,0,0.0,2
465,0,3,1,38.0,0,0,7.05,2,0,0.0,2
466,0,2,1,29.881061370848247,0,0,0.0,2,0,0.0,2
467,0,1,1,56.0,0,0,26.55,2,0,0.0,2
468,0,3,1,23.024770247864115,0,0,7.725,1,0,0.0,2
469,1,3,0,0.75,2,1,19.2583,0,3,1.0,1
470,0,3,1,30.751488202775956,0,0,7.25,2,0,0.0,2
471,0,3,1,38.0,0,0,8.6625,2,0,0.0,2
472,1,2,0,33.0,1,2,27.75,2,3,1.0,3
473,1,2,0,23.0,0,0,13.7917,0,0,0.0,3
474,0,3,0,22.0,0,0,9.8375,2,0,0.0,1
475,0,1,1,46.973151003903716,0,0,52.0,2,0,0.0,2
476,0,2,1,34.0,1,0,21.0,2,1,1.0,2
477,0,3,1,29.0,1,0,7.0458,2,1,1.0,2
478,0,3,1,22.0,0,0,7.5208,2,0,0.0,2
479,1,3,0,2.0,0,1,12.2875,2,1,1.0,1
480,0,3,1,9.0,5,2,46.9,2,7,1.0,0
481,0,2,1,29.881061370848247,0,0,0.0,2,0,0.0,2
482,0,3,1,50.0,0,0,8.05,2,0,0.0,2
483,1,3,0,63.0,0,0,9.5875,2,0,0.0,3
484,1,1,1,25.0,1,0,91.0792,0,1,1.0,2
485,0,3,0,9.134048306014153,3,1,25.4667,2,4,1.0,1
486,1,1,0,35.0,1,0,90.0,2,1,1.0,3
487,0,1,1,58.0,0,0,29.7,0,0,0.0,2
488,0,3,1,30.0,0,0,8.05,2,0,0.0,2
489,1,3,1,9.0,1,1,15.9,2,2,1.0,0
490,0,3,1,23.118978302727772,1,0,19.9667,2,1,1.0,2
491,0,3,1,21.0,0,0,7.25,2,0,0.0,2
492,0,1,1,55.0,0,0,30.5,2,0,0.0,2
493,0,1,1,71.0,0,0,49.5042,0,0,0.0,2
494,0,3,1,21.0,0,0,8.05,2,0,0.0,2
495,0,3,1,16.326823046102763,0,0,14.4583,0,0,0.0,2
496,1,1,0,54.0,1,0,78.2667,0,1,1.0,1
497,0,3,1,25.411296773798302,0,0,15.1,2,0,0.0,2
498,0,1,0,25.0,1,2,151.55,2,3,1.0,3
499,0,3,1,24.0,0,0,7.7958,2,0,0.0,2
500,0,3,1,17.0,0,0,8.6625,2,0,0.0,2
501,0,3,0,21.0,0,0,7.75,1,0,0.0,1
502,0,3,0,11.472276126357993,0,0,7.6292,1,0,0.0,1
503,0,3,0,37.0,0,0,9.5875,2,0,0.0,1
504,1,1,0,16.0,0,0,86.5,2,0,0.0,1
505,0,1,1,18.0,1,0,108.9,0,1,1.0,2
506,1,2,0,33.0,0,2,26.0,2,2,1.0,3
507,1,1,1,49.33323538992275,0,0,26.55,2,0,0.0,2
508,0,3,1,28.0,0,0,22.525,2,0,0.0,2
509,1,3,1,26.0,0,0,56.4958,2,0,0.0,2
510,1,3,1,29.0,0,0,7.75,1,0,0.0,2
511,0,3,1,30.65516736544374,0,0,8.05,2,0,0.0,2
512,1,1,1,36.0,0,0,26.2875,2,0,0.0,2
513,1,1,0,54.0,1,0,59.4,0,1,1.0,3
514,0,3,1,24.0,0,0,7.4958,2,0,0.0,2
515,0,1,1,47.0,0,0,34.0208,2,0,0.0,2
516,1,2,0,34.0,0,0,10.5,2,0,0.0,3
517,0,3,1,41.4159033306253,0,0,24.15,1,0,0.0,2
518,1,2,0,36.0,1,0,26.0,2,1,1.0,3
519,0,3,1,32.0,0,0,7.8958,2,0,0.0,2
520,1,1,0,30.0,0,0,93.5,2,0,0.0,1
521,0,3,1,22.0,0,0,7.8958,2,0,0.0,2
522,0,3,1,32.39247638874712,0,0,7.225,0,0,0.0,2
523,1,1,0,44.0,0,1,57.9792,0,1,1.0,3
524,0,3,1,24.60836452059819,0,0,7.2292,0,0,0.0,2
525,0,3,1,40.5,0,0,7.75,1,0,0.0,2
526,1,2,0,50.0,0,0,10.5,2,0,0.0,1
527,0,1,1,20.632052521121285,0,0,221.7792,2,0,0.0,2
528,0,3,1,39.0,0,0,7.925,2,0,0.0,2
529,0,2,1,23.0,2,1,11.5,2,3,1.0,2
530,1,2,0,2.0,1,1,26.0,2,2,1.0,1
531,0,3,1,24.60836452059819,0,0,7.2292,0,0,0.0,2
532,0,3,1,17.0,1,1,7.2292,0,2,1.0,2
533,1,3,0,-0.8648263261076006,0,2,22.3583,0,2,1.0,3
534,0,3,0,30.0,0,0,8.6625,2,0,0.0,1
535,1,2,0,7.0,0,2,26.25,2,2,1.0,1
536,0,1,1,45.0,0,0,26.55,2,0,0.0,4
537,1,1,0,30.0,0,0,106.425,0,0,0.0,1
538,0,3,1,19.000357045510324,0,0,14.5,2,0,0.0,2
539,1,1,0,22.0,0,2,49.5,0,2,1.0,1
540,1,1,0,36.0,0,2,71.0,2,2,1.0,1
541,0,3,0,9.0,4,2,31.275,2,6,1.0,1
542,0,3,0,11.0,4,2,31.275,2,6,1.0,1
543,1,2,1,32.0,1,0,26.0,2,1,1.0,2
544,0,1,1,50.0,1,0,106.425,0,1,1.0,2
545,0,1,1,64.0,0,0,26.0,2,0,0.0,2
546,1,2,0,19.0,1,0,26.0,2,1,1.0,3
547,1,2,1,34.34076893214955,0,0,13.8625,0,0,0.0,2
548,0,3,1,33.0,1,1,20.525,2,2,1.0,2
549,1,2,1,8.0,1,1,36.75,2,2,1.0,0
550,1,1,1,17.0,0,2,110.8833,0,2,1.0,2
551,0,2,1,27.0,0,0,26.0,2,0,0.0,2
552,0,3,1,34.450729390684245,0,0,7.8292,1,0,0.0,2
553,1,3,1,22.0,0,0,7.225,0,0,0.0,2
554,1,3,0,22.0,0,0,7.775,2,0,0.0,1
555,0,1,1,62.0,0,0,26.55,2,0,0.0,2
556,1,1,0,48.0,1,0,39.6,0,1,1.0,4
557,0,1,1,34.50477689787329,0,0,227.525,0,0,0.0,2
558,1,1,0,39.0,1,1,79.65,2,2,1.0,3
559,1,3,0,36.0,1,0,17.4,2,1,1.0,3
560,0,3,1,44.490434136549865,0,0,7.75,1,0,0.0,2
561,0,3,1,40.0,0,0,7.8958,2,0,0.0,2
562,0,2,1,28.0,0,0,13.5,2,0,0.0,2
563,0,3,1,30.65516736544374,0,0,8.05,2,0,0.0,2
564,0,3,0,24.353248191463308,0,0,8.05,2,0,0.0,1
565,0,3,1,24.0,2,0,24.15,2,2,1.0,2
566,0,3,1,19.0,0,0,7.8958,2,0,0.0,2
567,0,3,0,29.0,0,4,21.075,2,4,1.0,3
568,0,3,1,24.60836452059819,0,0,7.2292,0,0,0.0,2
569,1,3,1,32.0,0,0,7.8542,2,0,0.0,2
570,1,2,1,62.0,0,0,10.5,2,0,0.0,2
571,1,1,0,53.0,2,0,51.4792,2,2,1.0,3
572,1,1,1,36.0,0,0,26.3875,2,0,0.0,2
573,1,3,0,22.283268804673984,0,0,7.75,1,0,0.0,1
574,0,3,1,16.0,0,0,8.05,2,0,0.0,2
575,0,3,1,19.0,0,0,14.5,2,0,0.0,2
576,1,2,0,34.0,0,0,13.0,2,0,0.0,1
577,1,1,0,39.0,1,0,55.9,2,1,1.0,3
578,0,3,0,15.948020428350754,1,0,14.4583,0,1,1.0,3
579,1,3,1,32.0,0,0,7.925,2,0,0.0,2
580,1,2,0,25.0,1,1,30.0,2,2,1.0,1
581,1,1,0,39.0,1,1,110.8833,0,2,1.0,3
582,0,2,1,54.0,0,0,26.0,2,0,0.0,2
583,0,1,1,36.0,0,0,40.125,0,0,0.0,2
584,0,3,1,36.15870105927918,0,0,8.7125,0,0,0.0,2
585,1,1,0,18.0,0,2,79.65,2,2,1.0,1
586,0,2,1,47.0,0,0,15.0,2,0,0.0,2
587,1,1,1,60.0,1,1,79.2,0,2,1.0,2
588,0,3,1,22.0,0,0,8.05,2,0,0.0,2
589,0,3,1,30.65516736544374,0,0,8.05,2,0,0.0,2
590,0,3,1,35.0,0,0,7.125,2,0,0.0,2
591,1,1,0,52.0,1,0,78.2667,0,1,1.0,3
592,0,3,1,47.0,0,0,7.25,2,0,0.0,2
593,0,3,0,24.805396191100083,0,2,7.75,1,2,1.0,1
594,0,2,1,37.0,1,0,26.0,2,1,1.0,2
595,0,3,1,36.0,1,1,24.15,2,2,1.0,2
596,1,2,0,11.831894986784096,0,0,33.0,2,0,0.0,1
597,0,3,1,49.0,0,0,0.0,2,0,0.0,2
598,0,3,1,32.39247638874712,0,0,7.225,0,0,0.0,2
599,1,1,1,49.0,1,0,56.9292,0,1,1.0,4
600,1,2,0,24.0,2,1,27.0,2,3,1.0,3
601,0,3,1,27.210377476814877,0,0,7.8958,2,0,0.0,2
602,0,1,1,9.893043616931111,0,0,42.4,2,0,0.0,2
603,0,3,1,44.0,0,0,8.05,2,0,0.0,2
604,1,1,1,35.0,0,0,26.55,0,0,0.0,2
605,0,3,1,36.0,1,0,15.55,2,1,1.0,2
606,0,3,1,30.0,0,0,7.8958,2,0,0.0,2
607,1,1,1,27.0,0,0,30.5,2,0,0.0,2
608,1,2,0,22.0,1,2,41.5792,0,3,1.0,3
609,1,1,0,40.0,0,0,153.4625,2,0,0.0,1
610,0,3,0,39.0,1,5,31.275,2,6,1.0,3
611,0,3,1,33.733653640933184,0,0,7.05,2,0,0.0,2
612,1,3,0,42.822920938455006,1,0,15.5,1,1,1.0,1
613,0,3,1,44.490434136549865,0,0,7.75,1,0,0.0,2
614,0,3,1,35.0,0,0,8.05,2,0,0.0,2
615,1,2,0,24.0,1,2,65.0,2,3,1.0,1
616,0,3,1,34.0,1,1,14.4,2,2,1.0,2
617,0,3,0,26.0,1,0,16.1,2,1,1.0,3
618,1,2,0,4.0,2,1,39.0,2,3,1.0,1
619,0,2,1,26.0,0,0,10.5,2,0,0.0,2
620,0,3,1,27.0,1,0,14.4542,0,1,1.0,2
621,1,1,1,42.0,1,0,52.5542,2,1,1.0,2
622,1,3,1,20.0,1,1,15.7417,0,2,1.0,2
623,0,3,1,21.0,0,0,7.8542,2,0,0.0,2
624,0,3,1,21.0,0,0,16.1,2,0,0.0,2
625,0,1,1,61.0,0,0,32.3208,2,0,0.0,2
626,0,2,1,57.0,0,0,12.35,1,0,0.0,4
627,1,1,0,21.0,0,0,77.9583,2,0,0.0,1
628,0,3,1,26.0,0,0,7.8958,2,0,0.0,2
629,0,3,1,23.024770247864115,0,0,7.7333,1,0,0.0,2
630,1,1,1,80.0,0,0,30.0,2,0,0.0,2
631,0,3,1,51.0,0,0,7.0542,2,0,0.0,2
632,1,1,1,32.0,0,0,30.5,0,0,0.0,4
633,0,1,1,37.500205009012994,0,0,0.0,2,0,0.0,2
634,0,3,0,9.0,3,2,27.9,2,5,1.0,1
635,1,2,0,28.0,0,0,13.0,2,0,0.0,1
636,0,3,1,32.0,0,0,7.925,2,0,0.0,2
637,0,2,1,31.0,1,1,26.25,2,2,1.0,2
638,0,3,0,41.0,0,5,39.6875,2,5,1.0,3
639,0,3,1,27.00061835264723,1,0,16.1,2,1,1.0,2
640,0,3,1,20.0,0,0,7.8542,2,0,0.0,2
641,1,1,0,24.0,0,0,69.3,0,0,0.0,4
642,0,3,0,2.0,3,2,27.9,2,5,1.0,1
643,1,3,1,29.499471732956803,0,0,56.4958,2,0,0.0,2
644,1,3,0,0.75,2,1,19.2583,0,3,1.0,1
645,1,1,1,48.0,1,0,76.7292,0,1,1.0,2
646,0,3,1,19.0,0,0,7.8958,2,0,0.0,2
647,1,1,1,56.0,0,0,35.5,0,0,0.0,4
648,0,3,1,32.02716531259848,0,0,7.55,2,0,0.0,2
649,1,3,0,23.0,0,0,7.55,2,0,0.0,1
650,0,3,1,27.210377476814877,0,0,7.8958,2,0,0.0,2
651,1,2,0,18.0,0,1,23.0,2,1,1.0,1
652,0,3,1,21.0,0,0,8.4333,2,0,0.0,2
653,1,3,0,14.51603385243483,0,0,7.8292,1,0,0.0,1
654,0,3,0,18.0,0,0,6.75,1,0,0.0,1
655,0,2,1,24.0,2,0,73.5,2,2,1.0,2
656,0,3,1,27.210377476814877,0,0,7.8958,2,0,0.0,2
657,0,3,0,32.0,1,1,15.5,1,2,1.0,3
658,0,2,1,23.0,0,0,13.0,2,0,0.0,2
659,0,1,1,58.0,0,2,113.275,0,2,1.0,2
660,1,1,1,50.0,2,0,133.65,2,2,1.0,4
661,0,3,1,40.0,0,0,7.225,0,0,0.0,2
662,0,1,1,47.0,0,0,25.5875,2,0,0.0,2
663,0,3,1,36.0,0,0,7.4958,2,0,0.0,2
664,1,3,1,20.0,1,0,7.925,2,1,1.0,2
665,0,2,1,32.0,2,0,73.5,2,2,1.0,2
666,0,2,1,25.0,0,0,13.0,2,0,0.0,2
667,0,3,1,29.66352947403074,0,0,7.775,2,0,0.0,2
668,0,3,1,43.0,0,0,8.05,2,0,0.0,2
669,1,1,0,34.9952440191044,1,0,52.0,2,1,1.0,3
670,1,2,0,40.0,1,1,39.0,2,2,1.0,3
671,0,1,1,31.0,1,0,52.0,2,1,1.0,2
672,0,2,1,70.0,0,0,10.5,2,0,0.0,2
673,1,2,1,31.0,0,0,13.0,2,0,0.0,2
674,0,2,1,29.881061370848247,0,0,0.0,2,0,0.0,2
675,0,3,1,18.0,0,0,7.775,2,0,0.0,2
676,0,3,1,24.5,0,0,8.05,2,0,0.0,2
677,1,3,0,18.0,0,0,9.8417,2,0,0.0,1
678,0,3,0,43.0,1,6,46.9,2,7,1.0,3
679,1,1,1,36.0,0,1,512.3292,0,1,1.0,2
680,0,3,0,11.398946931841268,0,0,8.1375,1,0,0.0,1
681,1,1,1,27.0,0,0,76.7292,0,0,0.0,2
682,0,3,1,20.0,0,0,9.225,2,0,0.0,2
683,0,3,1,14.0,5,2,46.9,2,7,1.0,2
684,0,2,1,60.0,1,1,39.0,2,2,1.0,2
685,0,2,1,25.0,1,2,41.5792,0,3,1.0,2
686,0,3,1,14.0,4,1,39.6875,2,5,1.0,2
687,0,3,1,19.0,0,0,10.1708,2,0,0.0,2
688,0,3,1,18.0,0,0,7.7958,2,0,0.0,2
689,1,1,0,15.0,0,1,211.3375,2,1,1.0,1
690,1,1,1,31.0,1,0,57.0,2,1,1.0,2
691,1,3,0,4.0,0,1,13.4167,0,1,1.0,1
692,1,3,1,29.499471732956803,0,0,56.4958,2,0,0.0,2
693,0,3,1,25.0,0,0,7.225,0,0,0.0,2
694,0,1,1,60.0,0,0,26.55,2,0,0.0,4
695,0,2,1,52.0,0,0,13.5,2,0,0.0,2
696,0,3,1,44.0,0,0,8.05,2,0,0.0,2
697,1,3,0,15.89516936141154,0,0,7.7333,1,0,0.0,1
698,0,1,1,49.0,1,1,110.8833,0,2,1.0,2
699,0,3,1,42.0,0,0,7.65,2,0,0.0,2
700,1,1,0,18.0,1,0,227.525,0,1,1.0,3
701,1,1,1,35.0,0,0,26.2875,2,0,0.0,2
702,0,3,0,18.0,0,1,14.4542,0,1,1.0,1
703,0,3,1,25.0,0,0,7.7417,1,0,0.0,2
704,0,3,1,26.0,1,0,7.8542,2,1,1.0,2
705,0,2,1,39.0,0,0,26.0,2,0,0.0,2
706,1,2,0,45.0,0,0,13.5,2,0,0.0,3
707,1,1,1,42.0,0,0,26.2875,2,0,0.0,2
708,1,1,0,22.0,0,0,151.55,2,0,0.0,1
709,1,3,1,24.293474945068514,1,1,15.2458,0,2,1.0,0
710,1,1,0,24.0,0,0,49.5042,0,0,0.0,4
711,0,1,1,49.33323538992275,0,0,26.55,2,0,0.0,2
712,1,1,1,48.0,1,0,52.0,2,1,1.0,2
713,0,3,1,29.0,0,0,9.4833,2,0,0.0,2
714,0,2,1,52.0,0,0,13.0,2,0,0.0,2
715,0,3,1,19.0,0,0,7.65,2,0,0.0,2
716,1,1,0,38.0,0,0,227.525,0,0,0.0,1
717,1,2,0,27.0,0,0,10.5,2,0,0.0,1
718,0,3,1,33.60308643832727,0,0,15.5,1,0,0.0,2
719,0,3,1,33.0,0,0,7.775,2,0,0.0,2
720,1,2,0,6.0,0,1,33.0,2,1,1.0,1
721,0,3,1,17.0,1,0,7.0542,2,1,1.0,2
722,0,2,1,34.0,0,0,13.0,2,0,0.0,2
723,0,2,1,50.0,0,0,13.0,2,0,0.0,2
724,1,1,1,27.0,1,0,53.1,2,1,1.0,2
725,0,3,1,20.0,0,0,8.6625,2,0,0.0,2
726,1,2,0,30.0,3,0,21.0,2,3,1.0,3
727,1,3,0,15.89516936141154,0,0,7.7375,1,0,0.0,1
728,0,2,1,25.0,1,0,26.0,2,1,1.0,2
729,0,3,0,25.0,1,0,7.925,2,1,1.0,1
730,1,1,0,29.0,0,0,211.3375,2,0,0.0,1
731,0,3,1,11.0,0,0,18.7875,0,0,0.0,2
732,0,2,1,29.881061370848247,0,0,0.0,2,0,0.0,2
733,0,2,1,23.0,0,0,13.0,2,0,0.0,2
734,0,2,1,23.0,0,0,13.0,2,0,0.0,2
735,0,3,1,28.5,0,0,16.1,2,0,0.0,2
736,0,3,0,48.0,1,3,34.375,2,4,1.0,3
737,1,1,1,35.0,0,0,512.3292,0,0,0.0,2
738,0,3,1,27.210377476814877,0,0,7.8958,2,0,0.0,2
739,0,3,1,27.210377476814877,0,0,7.8958,2,0,0.0,2
740,1,1,1,54.50534876371383,0,0,30.0,2,0,0.0,2
741,0,1,1,36.0,1,0,78.85,2,1,1.0,2
742,1,1,0,21.0,2,2,262.375,0,4,1.0,1
743,0,3,1,24.0,1,0,16.1,2,1,1.0,2
744,1,3,1,31.0,0,0,7.925,2,0,0.0,2
745,0,1,1,70.0,1,1,71.0,2,2,1.0,4
746,0,3,1,16.0,1,1,20.25,2,2,1.0,2
747,1,2,0,30.0,0,0,13.0,2,0,0.0,1
748,0,1,1,19.0,1,0,53.1,2,1,1.0,2
749,0,3,1,31.0,0,0,7.75,1,0,0.0,2
750,1,2,0,4.0,1,1,23.0,2,2,1.0,1
751,1,3,1,6.0,0,1,12.475,2,1,1.0,0
752,0,3,1,33.0,0,0,9.5,2,0,0.0,2
753,0,3,1,23.0,0,0,7.8958,2,0,0.0,2
754,1,2,0,48.0,1,2,65.0,2,3,1.0,3
755,1,2,1,0.67,1,1,14.5,2,2,1.0,0
756,0,3,1,28.0,0,0,7.7958,2,0,0.0,2
757,0,2,1,18.0,0,0,11.5,2,0,0.0,2
758,0,3,1,34.0,0,0,8.05,2,0,0.0,2
759,1,1,0,33.0,0,0,86.5,2,0,0.0,4
760,0,3,1,19.000357045510324,0,0,14.5,2,0,0.0,2
761,0,3,1,41.0,0,0,7.125,2,0,0.0,2
762,1,3,1,20.0,0,0,7.2292,0,0,0.0,2
763,1,1,0,36.0,1,2,120.0,2,3,1.0,3
764,0,3,1,16.0,0,0,7.775,2,0,0.0,2
765,1,1,0,51.0,1,0,77.9583,2,1,1.0,3
766,0,1,1,60.6915976094549,0,0,39.6,0,0,0.0,4
767,0,3,0,30.5,0,0,7.75,1,0,0.0,1
768,0,3,1,50.18711017500428,1,0,24.15,1,1,1.0,2
769,0,3,1,32.0,0,0,8.3625,2,0,0.0,2
770,0,3,1,24.0,0,0,9.5,2,0,0.0,2
771,0,3,1,48.0,0,0,7.8542,2,0,0.0,2
772,0,2,0,57.0,0,0,10.5,2,0,0.0,3
773,0,3,1,32.39247638874712,0,0,7.225,0,0,0.0,2
774,1,2,0,54.0,1,3,23.0,2,4,1.0,3
775,0,3,1,18.0,0,0,7.75,2,0,0.0,2
776,0,3,1,44.490434136549865,0,0,7.75,1,0,0.0,2
777,1,3,0,5.0,0,0,12.475,2,0,0.0,1
778,0,3,1,23.024770247864115,0,0,7.7375,1,0,0.0,2
779,1,1,0,43.0,0,1,211.3375,2,1,1.0,3
780,1,3,0,13.0,0,0,7.2292,0,0,0.0,1
781,1,1,0,17.0,1,0,57.0,2,1,1.0,3
782,0,1,1,29.0,0,0,30.0,2,0,0.0,2
783,0,3,1,20.398864134945068,1,2,23.45,2,3,1.0,2
784,0,3,1,25.0,0,0,7.05,2,0,0.0,2
785,0,3,1,25.0,0,0,7.25,2,0,0.0,2
786,1,3,0,18.0,0,0,7.4958,2,0,0.0,1
787,0,3,1,8.0,4,1,29.125,1,5,1.0,0
788,1,3,1,1.0,1,2,20.575,2,3,1.0,0
789,0,1,1,46.0,0,0,79.2,0,0,0.0,2
790,0,3,1,44.490434136549865,0,0,7.75,1,0,0.0,2
791,0,2,1,16.0,0,0,26.0,2,0,0.0,2
792,0,3,0,17.740905264236254,8,2,69.55,2,10,1.0,1
793,0,1,1,48.00672861491075,0,0,30.6958,0,0,0.0,2
794,0,3,1,25.0,0,0,7.8958,2,0,0.0,2
795,0,2,1,39.0,0,0,13.0,2,0,0.0,2
796,1,1,0,49.0,0,0,25.9292,2,0,0.0,4
797,1,3,0,31.0,0,0,8.6833,2,0,0.0,3
798,0,3,1,30.0,0,0,7.2292,0,0,0.0,2
799,0,3,0,30.0,1,1,24.15,2,2,1.0,3
800,0,2,1,34.0,0,0,13.0,2,0,0.0,2
801,1,2,0,31.0,1,1,26.25,2,2,1.0,3
802,1,1,1,11.0,1,2,120.0,2,3,1.0,0
803,1,3,1,0.42,0,1,8.5167,0,1,1.0,0
804,1,3,1,27.0,0,0,6.975,2,0,0.0,2
805,0,3,1,31.0,0,0,7.775,2,0,0.0,2
806,0,1,1,39.0,0,0,0.0,2,0,0.0,2
807,0,3,0,18.0,0,0,7.775,2,0,0.0,1
808,0,2,1,39.0,0,0,13.0,2,0,0.0,2
809,1,1,0,33.0,1,0,53.1,2,1,1.0,3
810,0,3,1,26.0,0,0,7.8875,2,0,0.0,2
811,0,3,1,39.0,0,0,24.15,2,0,0.0,2
812,0,2,1,35.0,0,0,10.5,2,0,0.0,2
813,0,3,0,6.0,4,2,31.275,2,6,1.0,1
814,0,3,1,30.5,0,0,8.05,2,0,0.0,2
815,0,1,1,37.500205009012994,0,0,0.0,2,0,0.0,2
816,0,3,0,23.0,0,0,7.925,2,0,0.0,1
817,0,2,1,31.0,1,1,37.0042,0,2,1.0,2
818,0,3,1,43.0,0,0,6.45,2,0,0.0,2
819,0,3,1,10.0,3,2,27.9,2,5,1.0,0
820,1,1,0,52.0,1,1,93.5,2,2,1.0,3
821,1,3,1,27.0,0,0,8.6625,2,0,0.0,2
822,0,1,1,38.0,0,0,0.0,2,0,0.0,4
823,1,3,0,27.0,0,1,12.475,2,1,1.0,3
824,0,3,1,2.0,4,1,39.6875,2,5,1.0,0
825,0,3,1,19.009217654944067,0,0,6.95,1,0,0.0,2
826,0,3,1,29.499471732956803,0,0,56.4958,2,0,0.0,2
827,1,2,1,1.0,0,2,37.0042,0,2,1.0,0
828,1,3,1,44.490434136549865,0,0,7.75,1,0,0.0,2
829,1,1,0,62.0,0,0,80.0,2,0,0.0,3
830,1,3,0,15.0,1,0,14.4542,0,1,1.0,3
831,1,2,1,0.83,1,1,18.75,2,2,1.0,0
832,0,3,1,24.60836452059819,0,0,7.2292,0,0,0.0,2
833,0,3,1,23.0,0,0,7.8542,2,0,0.0,2
834,0,3,1,18.0,0,0,8.3,2,0,0.0,2
835,1,1,0,39.0,1,1,83.1583,0,2,1.0,1
836,0,3,1,21.0,0,0,8.6625,2,0,0.0,2
837,0,3,1,30.65516736544374,0,0,8.05,2,0,0.0,2
838,1,3,1,32.0,0,0,56.4958,2,0,0.0,2
839,1,1,1,41.996792503050145,0,0,29.7,0,0,0.0,2
840,0,3,1,20.0,0,0,7.925,2,0,0.0,2
841,0,2,1,16.0,0,0,10.5,2,0,0.0,2
842,1,1,0,30.0,0,0,31.0,0,0,0.0,1
843,0,3,1,34.5,0,0,6.4375,0,0,0.0,2
844,0,3,1,17.0,0,0,8.6625,2,0,0.0,2
845,0,3,1,42.0,0,0,7.55,2,0,0.0,2
846,0,3,1,15.479405589659006,8,2,69.55,2,10,1.0,2
847,0,3,1,35.0,0,0,7.8958,0,0,0.0,2
848,0,2,1,28.0,0,1,33.0,2,1,1.0,4
849,1,1,0,40.61703383898751,1,0,89.1042,0,1,1.0,3
850,0,3,1,4.0,4,2,31.275,2,6,1.0,0
851,0,3,1,74.0,0,0,7.775,2,0,0.0,2
852,0,3,0,9.0,1,1,15.2458,0,2,1.0,1
853,1,1,0,16.0,0,1,39.4,2,1,1.0,1
854,0,2,0,44.0,1,0,26.0,2,1,1.0,3
855,1,3,0,18.0,0,1,9.35,2,1,1.0,3
856,1,1,0,45.0,1,1,164.8667,2,2,1.0,3
857,1,1,1,51.0,0,0,26.55,2,0,0.0,2
858,1,3,0,24.0,0,3,19.2583,0,3,1.0,3
859,0,3,1,24.60836452059819,0,0,7.2292,0,0,0.0,2
860,0,3,1,41.0,2,0,14.1083,2,2,1.0,2
861,0,2,1,21.0,1,0,11.5,2,1,1.0,2
862,1,1,0,48.0,0,0,25.9292,2,0,0.0,3
863,0,3,0,17.740905264236254,8,2,69.55,2,10,1.0,1
864,0,2,1,24.0,0,0,13.0,2,0,0.0,2
865,1,2,0,42.0,0,0,13.0,2,0,0.0,3
866,1,2,0,27.0,1,0,13.8583,0,1,1.0,1
867,0,1,1,31.0,0,0,50.4958,2,0,0.0,2
868,0,3,1,26.33332473269232,0,0,9.5,2,0,0.0,2
869,1,3,1,4.0,1,1,11.1333,2,2,1.0,0
870,0,3,1,26.0,0,0,7.8958,2,0,0.0,2
871,1,1,0,47.0,1,1,52.5542,2,2,1.0,3
872,0,1,1,33.0,0,0,5.0,2,0,0.0,2
873,0,3,1,47.0,0,0,9.0,2,0,0.0,2
874,1,2,0,28.0,1,0,24.0,0,1,1.0,3
875,1,3,0,15.0,0,0,7.225,0,0,0.0,1
876,0,3,1,20.0,0,0,9.8458,2,0,0.0,2
877,0,3,1,19.0,0,0,7.8958,2,0,0.0,2
878,0,3,1,27.210377476814877,0,0,7.8958,2,0,0.0,2
879,1,1,0,56.0,0,1,83.1583,0,1,1.0,3
880,1,2,0,25.0,0,1,26.0,2,1,1.0,3
881,0,3,1,33.0,0,0,7.8958,2,0,0.0,2
882,0,3,0,22.0,0,0,10.5167,2,0,0.0,1
883,0,2,1,28.0,0,0,10.5,2,0,0.0,2
884,0,3,1,25.0,0,0,7.05,2,0,0.0,2
885,0,3,0,39.0,0,5,29.125,1,5,1.0,3
886,0,2,1,27.0,0,0,13.0,2,0,0.0,4
887,1,1,0,19.0,0,0,30.0,2,0,0.0,1
888,0,3,0,24.43199345674012,1,2,23.45,2,3,1.0,1
889,1,1,1,26.0,0,0,30.0,0,0,0.0,2
890,0,3,1,32.0,0,0,7.75,1,0,0.0,2
